transaction_id,customer_id,product_id,store_id,date,amount
1,35,8,12,2023-01-01,379.09
2,236,34,16,2023-01-02,18.48
3,334,50,20,2023-01-03,783.51
4,325,46,20,2023-01-04,333.82
5,332,89,6,2023-01-05,329.74
6,379,61,4,2023-01-06,811.79
7,146,78,1,2023-01-07,48.99
8,42,95,15,2023-01-08,515.03
9,315,45,12,2023-01-09,409.97
10,28,10,13,2023-01-10,826.28
11,453,74,12,2023-01-11,888.98
12,500,81,1,2023-01-12,11.31
13,414,54,8,2023-01-13,483.58
14,205,39,16,2023-01-14,323.07
15,317,19,13,2023-01-15,749.21
16,436,97,17,2023-01-16,651.58
17,306,95,12,2023-01-17,909.36
18,297,66,12,2023-01-18,339.06
19,326,54,19,2023-01-19,892.76
20,457,1,11,2023-01-20,870.42
21,375,45,15,2023-01-21,721.22
22,345,66,19,2023-01-22,532.24
23,287,92,3,2023-01-23,258.88
24,151,100,14,2023-01-24,934.17
25,388,49,20,2023-01-25,612.28
26,29,87,14,2023-01-26,660.58
27,386,13,20,2023-01-27,374.62
28,395,35,2,2023-01-28,564.46
29,70,52,1,2023-01-29,290.12
30,414,65,9,2023-01-30,835.83
31,361,24,16,2023-01-31,916.96
32,1,83,3,2023-02-01,377.15
33,34,48,15,2023-02-02,545.4
34,444,1,9,2023-02-03,647.53
35,305,26,5,2023-02-04,938.48
36,10,72,19,2023-02-05,241.65
37,466,72,15,2023-02-06,800.86
38,12,21,6,2023-02-07,860.93
39,52,83,2,2023-02-08,647.78
40,282,92,19,2023-02-09,331.07
41,214,33,12,2023-02-10,134.36
42,50,94,2,2023-02-11,279.44
43,421,27,14,2023-02-12,17.45
44,320,66,13,2023-02-13,513.4
45,67,13,7,2023-02-14,182.02
46,491,7,5,2023-02-15,215.28
47,277,52,14,2023-02-16,546.33
48,25,76,13,2023-02-17,393.95
49,12,52,6,2023-02-18,190.38
50,435,76,13,2023-02-19,28.62
51,400,62,1,2023-02-20,733.48
52,246,99,12,2023-02-21,929.92
53,169,22,16,2023-02-22,186.76
54,239,30,11,2023-02-23,354.29
55,149,39,13,2023-02-24,830.79
56,233,48,20,2023-02-25,750.85
57,99,81,5,2023-02-26,508.1
58,326,47,10,2023-02-27,179.48
59,71,63,10,2023-02-28,471.81
60,111,49,10,2023-03-01,77.14
61,279,21,9,2023-03-02,375.83
62,343,55,10,2023-03-03,942.47
63,305,79,15,2023-03-04,796.97
64,255,28,14,2023-03-05,235.95
65,437,68,9,2023-03-06,98.81
66,187,52,13,2023-03-07,677.18
67,438,72,3,2023-03-08,213.14
68,164,12,5,2023-03-09,520.79
69,355,60,10,2023-03-10,776.93
70,442,3,16,2023-03-11,626.39
71,80,5,16,2023-03-12,80.27
72,417,7,19,2023-03-13,707.91
73,207,94,19,2023-03-14,283.91
74,284,88,16,2023-03-15,647.31
75,169,85,17,2023-03-16,762.56
76,452,29,1,2023-03-17,277.07
77,180,41,6,2023-03-18,36.27
78,443,48,2,2023-03-19,52.86
79,317,63,14,2023-03-20,721.12
80,243,29,1,2023-03-21,505.42
81,482,94,17,2023-03-22,889.4
82,13,18,3,2023-03-23,513.04
83,291,27,18,2023-03-24,806.42
84,51,77,12,2023-03-25,885.41
85,398,69,17,2023-03-26,913.81
86,151,1,10,2023-03-27,637.27
87,80,95,12,2023-03-28,387.39
88,9,5,15,2023-03-29,181.45
89,204,93,8,2023-03-30,580.19
90,169,42,14,2023-03-31,516.28
91,379,30,3,2023-04-01,460.99
92,251,33,15,2023-04-02,878.25
93,431,18,15,2023-04-03,145.76
94,329,83,17,2023-04-04,43.11
95,300,33,16,2023-04-05,36.32
96,231,21,10,2023-04-06,45.16
97,299,83,5,2023-04-07,271.87
98,456,31,2,2023-04-08,522.0
99,123,92,17,2023-04-09,535.74
100,327,34,19,2023-04-10,283.85
101,102,74,10,2023-04-11,410.62
102,179,48,11,2023-04-12,163.38
103,167,20,6,2023-04-13,274.78
104,492,60,3,2023-04-14,105.32
105,91,85,8,2023-04-15,146.56
106,449,79,3,2023-04-16,709.74
107,222,60,19,2023-04-17,284.68
108,34,74,6,2023-04-18,95.95
109,248,22,14,2023-04-19,926.32
110,26,2,9,2023-04-20,631.84
111,422,75,13,2023-04-21,33.79
112,126,51,20,2023-04-22,887.17
113,206,72,4,2023-04-23,602.35
114,179,7,3,2023-04-24,610.11
115,159,72,18,2023-04-25,421.67
116,468,33,15,2023-04-26,992.33
117,480,18,7,2023-04-27,680.0
118,116,68,14,2023-04-28,353.36
119,127,9,18,2023-04-29,709.69
120,285,35,7,2023-04-30,220.4
121,157,95,8,2023-05-01,289.11
122,247,36,20,2023-05-02,725.2
123,198,88,3,2023-05-03,309.69
124,25,74,9,2023-05-04,742.34
125,214,64,11,2023-05-05,356.15
126,441,78,7,2023-05-06,835.95
127,499,34,10,2023-05-07,486.39
128,444,77,10,2023-05-08,759.0
129,112,65,9,2023-05-09,313.35
130,421,58,17,2023-05-10,852.38
131,7,33,3,2023-05-11,546.51
132,254,3,11,2023-05-12,243.66
133,283,70,10,2023-05-13,621.92
134,293,40,20,2023-05-14,115.37
135,423,24,17,2023-05-15,739.35
136,386,22,5,2023-05-16,870.28
137,403,6,19,2023-05-17,846.49
138,463,83,8,2023-05-18,239.48
139,95,74,8,2023-05-19,939.38
140,12,11,2,2023-05-20,768.51
141,61,16,20,2023-05-21,838.75
142,36,7,15,2023-05-22,369.41
143,495,75,2,2023-05-23,752.45
144,437,5,4,2023-05-24,994.16
145,185,54,4,2023-05-25,888.2
146,33,87,4,2023-05-26,42.02
147,497,43,17,2023-05-27,821.82
148,180,34,16,2023-05-28,866.19
149,475,54,5,2023-05-29,482.71
150,227,44,3,2023-05-30,852.74
151,40,25,16,2023-05-31,365.48
152,3,24,9,2023-06-01,284.59
153,6,44,14,2023-06-02,493.62
154,287,1,18,2023-06-03,511.89
155,170,85,3,2023-06-04,111.03
156,141,38,5,2023-06-05,995.17
157,107,45,11,2023-06-06,79.07
158,447,62,9,2023-06-07,439.25
159,386,4,3,2023-06-08,334.69
160,165,91,2,2023-06-09,418.22
161,248,34,16,2023-06-10,828.53
162,360,98,3,2023-06-11,288.26
163,235,20,5,2023-06-12,899.82
164,383,83,20,2023-06-13,333.88
165,278,39,11,2023-06-14,846.53
166,131,77,10,2023-06-15,577.2
167,392,79,15,2023-06-16,90.44
168,321,63,20,2023-06-17,767.31
169,242,86,9,2023-06-18,108.98
170,73,93,13,2023-06-19,868.61
171,138,5,4,2023-06-20,360.61
172,183,75,13,2023-06-21,828.79
173,336,32,11,2023-06-22,139.18
174,403,90,10,2023-06-23,167.97
175,17,56,18,2023-06-24,54.06
176,454,86,5,2023-06-25,219.27
177,203,93,16,2023-06-26,27.96
178,115,92,4,2023-06-27,114.82
179,222,28,7,2023-06-28,225.26
180,108,52,4,2023-06-29,157.45
181,145,2,4,2023-06-30,505.46
182,11,61,1,2023-07-01,206.37
183,327,71,16,2023-07-02,724.22
184,234,50,4,2023-07-03,798.63
185,257,28,3,2023-07-04,41.0
186,498,74,7,2023-07-05,925.55
187,274,36,20,2023-07-06,919.27
188,444,48,3,2023-07-07,804.8
189,319,58,17,2023-07-08,206.12
190,109,82,13,2023-07-09,98.81
191,70,16,19,2023-07-10,991.03
192,77,7,4,2023-07-11,803.67
193,329,35,7,2023-07-12,737.89
194,141,45,16,2023-07-13,837.58
195,324,42,3,2023-07-14,215.94
196,323,97,2,2023-07-15,523.89
197,486,95,3,2023-07-16,126.43
198,185,54,9,2023-07-17,273.21
199,417,85,8,2023-07-18,53.24
200,312,64,13,2023-07-19,237.61
201,269,36,6,2023-07-20,524.17
202,413,73,12,2023-07-21,902.31
203,287,73,1,2023-07-22,936.11
204,153,58,11,2023-07-23,993.95
205,152,14,14,2023-07-24,488.49
206,96,94,17,2023-07-25,142.32
207,432,46,13,2023-07-26,100.08
208,162,65,3,2023-07-27,567.96
209,20,30,3,2023-07-28,417.81
210,18,64,18,2023-07-29,761.29
211,81,48,15,2023-07-30,477.81
212,95,96,13,2023-07-31,626.08
213,306,42,11,2023-08-01,188.56
214,70,13,11,2023-08-02,233.96
215,23,30,15,2023-08-03,62.82
216,309,36,14,2023-08-04,53.92
217,255,35,15,2023-08-05,485.17
218,380,38,7,2023-08-06,95.15
219,356,57,20,2023-08-07,117.03
220,303,59,14,2023-08-08,451.55
221,239,87,14,2023-08-09,527.41
222,436,60,10,2023-08-10,529.19
223,464,71,2,2023-08-11,232.72
224,43,85,11,2023-08-12,782.87
225,145,42,4,2023-08-13,748.84
226,16,99,15,2023-08-14,39.71
227,339,35,17,2023-08-15,90.98
228,374,45,6,2023-08-16,486.71
229,248,20,17,2023-08-17,281.76
230,485,14,7,2023-08-18,711.32
231,411,72,20,2023-08-19,536.01
232,292,84,7,2023-08-20,241.19
233,476,64,1,2023-08-21,817.63
234,495,86,11,2023-08-22,955.24
235,432,2,11,2023-08-23,944.27
236,142,32,17,2023-08-24,278.67
237,265,14,20,2023-08-25,802.95
238,285,48,8,2023-08-26,414.37
239,468,79,7,2023-08-27,691.19
240,277,33,18,2023-08-28,455.01
241,434,97,16,2023-08-29,797.21
242,108,7,4,2023-08-30,681.46
243,163,1,13,2023-08-31,772.0
244,475,85,7,2023-09-01,674.35
245,21,74,8,2023-09-02,929.64
246,307,20,8,2023-09-03,955.42
247,359,48,18,2023-09-04,784.35
248,178,90,16,2023-09-05,383.46
249,371,12,1,2023-09-06,32.34
250,219,70,15,2023-09-07,605.61
251,494,16,16,2023-09-08,745.15
252,220,50,14,2023-09-09,145.26
253,258,45,10,2023-09-10,384.4
254,39,8,20,2023-09-11,740.18
255,66,12,19,2023-09-12,457.65
256,86,9,10,2023-09-13,30.47
257,274,77,8,2023-09-14,225.35
258,253,87,14,2023-09-15,647.1
259,199,52,15,2023-09-16,351.99
260,18,65,19,2023-09-17,845.99
261,89,17,7,2023-09-18,594.26
262,67,94,14,2023-09-19,103.08
263,85,87,3,2023-09-20,43.41
264,284,77,10,2023-09-21,427.48
265,360,76,2,2023-09-22,55.94
266,292,5,11,2023-09-23,72.17
267,256,81,1,2023-09-24,276.58
268,404,55,5,2023-09-25,720.86
269,277,77,11,2023-09-26,398.69
270,212,4,8,2023-09-27,197.51
271,3,11,19,2023-09-28,142.99
272,283,17,9,2023-09-29,60.78
273,145,83,12,2023-09-30,106.22
274,203,57,6,2023-10-01,93.79
275,300,82,8,2023-10-02,669.06
276,116,37,8,2023-10-03,722.57
277,141,24,1,2023-10-04,901.58
278,491,58,20,2023-10-05,703.73
279,385,9,17,2023-10-06,259.72
280,123,96,20,2023-10-07,243.31
281,127,57,15,2023-10-08,860.6
282,7,11,13,2023-10-09,703.47
283,169,60,7,2023-10-10,770.51
284,163,49,10,2023-10-11,931.66
285,191,82,3,2023-10-12,683.86
286,258,84,4,2023-10-13,445.93
287,113,32,14,2023-10-14,486.0
288,104,92,19,2023-10-15,369.76
289,241,57,11,2023-10-16,35.63
290,156,23,8,2023-10-17,631.5
291,10,27,18,2023-10-18,913.49
292,15,20,6,2023-10-19,698.01
293,316,12,18,2023-10-20,614.29
294,322,50,10,2023-10-21,340.29
295,178,74,12,2023-10-22,63.89
296,343,31,9,2023-10-23,171.12
297,72,21,19,2023-10-24,919.29
298,377,18,19,2023-10-25,594.98
299,230,81,12,2023-10-26,587.91
300,361,23,6,2023-10-27,585.59
301,76,56,17,2023-10-28,124.72
302,388,68,15,2023-10-29,330.66
303,101,68,15,2023-10-30,465.62
304,67,63,17,2023-10-31,671.85
305,364,18,11,2023-11-01,104.89
306,47,29,14,2023-11-02,403.96
307,453,4,15,2023-11-03,301.91
308,114,97,6,2023-11-04,435.39
309,441,3,15,2023-11-05,432.13
310,320,75,13,2023-11-06,925.77
311,209,11,1,2023-11-07,438.56
312,77,25,13,2023-11-08,516.26
313,219,5,19,2023-11-09,379.19
314,374,25,17,2023-11-10,91.86
315,419,79,12,2023-11-11,815.52
316,207,3,20,2023-11-12,326.21
317,375,85,5,2023-11-13,746.88
318,476,33,14,2023-11-14,642.67
319,123,35,11,2023-11-15,205.32
320,379,47,6,2023-11-16,105.01
321,23,29,9,2023-11-17,750.47
322,418,2,4,2023-11-18,938.69
323,12,45,13,2023-11-19,505.43
324,408,69,19,2023-11-20,151.78
325,291,54,10,2023-11-21,909.25
326,105,93,19,2023-11-22,298.78
327,134,65,2,2023-11-23,245.23
328,378,84,2,2023-11-24,623.88
329,348,46,2,2023-11-25,199.87
330,161,27,7,2023-11-26,291.8
331,212,77,7,2023-11-27,895.32
332,332,53,11,2023-11-28,984.29
333,47,85,9,2023-11-29,526.99
334,274,15,19,2023-11-30,855.9
335,434,82,11,2023-12-01,69.02
336,476,18,11,2023-12-02,771.12
337,36,9,5,2023-12-03,655.33
338,40,88,16,2023-12-04,894.48
339,497,52,12,2023-12-05,872.38
340,392,49,1,2023-12-06,924.09
341,188,57,14,2023-12-07,267.07
342,400,53,9,2023-12-08,294.72
343,45,15,5,2023-12-09,854.69
344,425,98,11,2023-12-10,821.17
345,498,60,15,2023-12-11,463.53
346,415,46,20,2023-12-12,331.94
347,25,45,6,2023-12-13,200.7
348,266,29,2,2023-12-14,272.07
349,30,4,19,2023-12-15,725.17
350,314,33,17,2023-12-16,891.05
351,331,35,15,2023-12-17,674.89
352,44,57,17,2023-12-18,514.7
353,162,35,5,2023-12-19,970.61
354,209,99,6,2023-12-20,145.78
355,33,48,18,2023-12-21,884.17
356,352,5,4,2023-12-22,946.31
357,395,51,16,2023-12-23,965.48
358,48,52,15,2023-12-24,479.88
359,206,38,4,2023-12-25,297.32
360,339,9,2,2023-12-26,367.29
361,136,24,19,2023-12-27,994.85
362,389,79,17,2023-12-28,744.15
363,347,91,4,2023-12-29,309.41
364,135,27,14,2023-12-30,478.43
365,384,56,13,2023-12-31,905.31
366,271,3,19,2024-01-01,728.65
367,180,15,7,2024-01-02,560.53
368,440,16,16,2024-01-03,485.46
369,282,61,6,2024-01-04,586.69
370,495,33,6,2024-01-05,106.43
371,136,19,19,2024-01-06,991.99
372,469,41,18,2024-01-07,586.23
373,346,66,8,2024-01-08,831.22
374,467,45,16,2024-01-09,60.61
375,26,7,9,2024-01-10,544.78
376,98,57,12,2024-01-11,606.19
377,225,55,13,2024-01-12,941.95
378,429,59,9,2024-01-13,772.25
379,285,58,12,2024-01-14,588.33
380,213,47,16,2024-01-15,607.48
381,438,45,12,2024-01-16,832.3
382,140,60,2,2024-01-17,315.13
383,423,81,11,2024-01-18,616.01
384,464,10,8,2024-01-19,45.0
385,88,4,3,2024-01-20,950.15
386,220,51,1,2024-01-21,524.35
387,279,59,18,2024-01-22,450.69
388,141,81,2,2024-01-23,938.27
389,285,85,10,2024-01-24,870.87
390,494,41,7,2024-01-25,730.87
391,44,11,3,2024-01-26,415.87
392,101,94,12,2024-01-27,866.46
393,455,92,15,2024-01-28,915.29
394,478,79,6,2024-01-29,991.87
395,481,41,14,2024-01-30,866.71
396,440,41,20,2024-01-31,703.52
397,487,34,14,2024-02-01,420.46
398,151,7,6,2024-02-02,516.48
399,404,99,18,2024-02-03,948.47
400,46,50,7,2024-02-04,133.44
401,323,8,15,2024-02-05,419.23
402,314,18,11,2024-02-06,512.92
403,245,40,17,2024-02-07,610.95
404,79,27,10,2024-02-08,940.57
405,286,58,19,2024-02-09,861.0
406,136,42,17,2024-02-10,742.81
407,424,40,11,2024-02-11,520.05
408,455,42,15,2024-02-12,770.09
409,158,76,9,2024-02-13,563.4
410,147,96,11,2024-02-14,368.04
411,260,51,17,2024-02-15,253.44
412,11,73,5,2024-02-16,48.84
413,486,61,5,2024-02-17,834.61
414,479,100,19,2024-02-18,502.25
415,114,90,1,2024-02-19,975.16
416,14,49,3,2024-02-20,222.17
417,43,43,14,2024-02-21,879.88
418,2,17,20,2024-02-22,556.39
419,426,79,6,2024-02-23,875.68
420,357,16,9,2024-02-24,39.5
421,240,63,17,2024-02-25,446.84
422,39,3,3,2024-02-26,349.81
423,177,81,13,2024-02-27,573.35
424,414,6,5,2024-02-28,747.67
425,264,44,10,2024-02-29,922.78
426,291,91,17,2024-03-01,457.96
427,61,25,5,2024-03-02,825.01
428,22,45,8,2024-03-03,465.47
429,225,53,8,2024-03-04,331.66
430,355,75,14,2024-03-05,92.97
431,198,12,10,2024-03-06,183.9
432,196,74,13,2024-03-07,953.54
433,286,89,4,2024-03-08,82.55
434,349,51,7,2024-03-09,770.67
435,54,70,3,2024-03-10,80.24
436,434,46,14,2024-03-11,470.22
437,13,35,1,2024-03-12,701.5
438,417,67,15,2024-03-13,39.62
439,322,89,6,2024-03-14,371.86
440,215,95,2,2024-03-15,366.85
441,144,97,4,2024-03-16,92.11
442,138,71,5,2024-03-17,508.95
443,213,58,6,2024-03-18,985.83
444,33,88,16,2024-03-19,321.03
445,389,85,8,2024-03-20,373.46
446,4,93,3,2024-03-21,171.69
447,169,19,6,2024-03-22,961.59
448,491,23,6,2024-03-23,669.33
449,184,67,20,2024-03-24,479.46
450,467,79,16,2024-03-25,979.74
451,198,39,17,2024-03-26,938.59
452,392,29,20,2024-03-27,95.91
453,366,16,15,2024-03-28,537.18
454,290,44,20,2024-03-29,241.07
455,225,27,16,2024-03-30,734.42
456,383,91,15,2024-03-31,436.05
457,5,25,9,2024-04-01,248.07
458,88,28,12,2024-04-02,638.72
459,58,27,9,2024-04-03,577.03
460,277,63,6,2024-04-04,875.96
461,276,87,1,2024-04-05,828.6
462,114,31,7,2024-04-06,339.65
463,454,69,4,2024-04-07,928.49
464,150,64,12,2024-04-08,46.27
465,238,25,13,2024-04-09,855.29
466,184,53,16,2024-04-10,220.42
467,168,96,9,2024-04-11,744.59
468,417,90,3,2024-04-12,718.87
469,450,32,19,2024-04-13,253.85
470,468,53,5,2024-04-14,162.72
471,290,20,7,2024-04-15,17.13
472,496,53,3,2024-04-16,315.73
473,131,67,16,2024-04-17,807.77
474,109,41,17,2024-04-18,553.84
475,37,88,10,2024-04-19,119.35
476,59,81,13,2024-04-20,870.39
477,314,76,1,2024-04-21,758.97
478,423,20,8,2024-04-22,31.93
479,429,14,14,2024-04-23,834.29
480,306,15,11,2024-04-24,925.18
481,107,94,20,2024-04-25,453.44
482,32,42,17,2024-04-26,820.88
483,35,96,3,2024-04-27,959.61
484,286,22,1,2024-04-28,343.64
485,172,34,18,2024-04-29,945.65
486,200,61,14,2024-04-30,488.42
487,105,35,15,2024-05-01,889.77
488,135,16,10,2024-05-02,207.32
489,337,40,2,2024-05-03,682.46
490,467,37,7,2024-05-04,493.02
491,211,49,14,2024-05-05,784.84
492,317,9,19,2024-05-06,465.12
493,311,19,16,2024-05-07,873.44
494,170,71,3,2024-05-08,858.93
495,92,54,15,2024-05-09,314.63
496,329,74,9,2024-05-10,467.75
497,339,7,7,2024-05-11,969.7
498,143,88,11,2024-05-12,157.86
499,229,98,3,2024-05-13,86.98
500,422,39,5,2024-05-14,891.71
501,144,99,18,2024-05-15,654.94
502,401,85,8,2024-05-16,499.14
503,236,43,11,2024-05-17,312.11
504,244,96,1,2024-05-18,421.81
505,319,52,20,2024-05-19,239.72
506,102,3,1,2024-05-20,272.24
507,343,39,17,2024-05-21,659.23
508,93,42,6,2024-05-22,137.61
509,128,22,4,2024-05-23,955.13
510,489,14,12,2024-05-24,281.76
511,209,94,14,2024-05-25,924.25
512,380,44,4,2024-05-26,932.58
513,407,96,2,2024-05-27,864.63
514,136,15,13,2024-05-28,565.76
515,189,64,13,2024-05-29,968.18
516,278,34,19,2024-05-30,611.12
517,24,80,19,2024-05-31,63.5
518,133,50,2,2024-06-01,213.8
519,93,90,18,2024-06-02,575.67
520,300,22,14,2024-06-03,500.91
521,143,29,20,2024-06-04,235.1
522,250,37,17,2024-06-05,754.71
523,393,35,9,2024-06-06,553.19
524,183,25,19,2024-06-07,395.65
525,213,28,8,2024-06-08,26.75
526,237,50,2,2024-06-09,621.66
527,166,13,19,2024-06-10,458.08
528,224,37,9,2024-06-11,68.57
529,47,15,9,2024-06-12,952.28
530,312,54,4,2024-06-13,479.48
531,101,2,3,2024-06-14,963.55
532,457,11,7,2024-06-15,993.95
533,224,14,3,2024-06-16,896.55
534,272,16,5,2024-06-17,247.93
535,493,99,6,2024-06-18,295.6
536,385,75,13,2024-06-19,621.73
537,452,71,11,2024-06-20,112.02
538,390,38,2,2024-06-21,392.12
539,236,87,12,2024-06-22,348.12
540,406,99,18,2024-06-23,391.56
541,13,5,17,2024-06-24,501.13
542,251,52,14,2024-06-25,150.16
543,460,61,2,2024-06-26,360.8
544,212,43,14,2024-06-27,120.47
545,397,25,20,2024-06-28,133.93
546,180,71,15,2024-06-29,335.68
547,319,16,20,2024-06-30,454.49
548,345,69,7,2024-07-01,201.09
549,371,82,17,2024-07-02,730.35
550,198,45,10,2024-07-03,247.88
551,274,79,8,2024-07-04,438.66
552,205,21,10,2024-07-05,901.33
553,420,18,19,2024-07-06,798.08
554,202,37,11,2024-07-07,695.46
555,429,7,4,2024-07-08,496.85
556,349,88,15,2024-07-09,714.96
557,299,45,12,2024-07-10,783.96
558,61,42,11,2024-07-11,795.0
559,136,27,11,2024-07-12,792.41
560,473,34,11,2024-07-13,580.21
561,315,84,3,2024-07-14,307.38
562,242,20,4,2024-07-15,869.45
563,70,45,7,2024-07-16,196.7
564,348,73,12,2024-07-17,523.42
565,452,23,17,2024-07-18,467.2
566,440,43,9,2024-07-19,401.85
567,163,24,8,2024-07-20,453.49
568,4,99,4,2024-07-21,847.98
569,462,98,8,2024-07-22,767.76
570,320,47,3,2024-07-23,952.42
571,208,62,17,2024-07-24,291.36
572,316,80,8,2024-07-25,643.65
573,304,61,12,2024-07-26,853.56
574,123,61,16,2024-07-27,399.72
575,39,45,11,2024-07-28,319.13
576,178,46,6,2024-07-29,110.23
577,423,47,1,2024-07-30,371.62
578,244,97,9,2024-07-31,563.92
579,421,100,3,2024-08-01,104.23
580,442,81,14,2024-08-02,478.22
581,347,12,13,2024-08-03,512.07
582,212,53,15,2024-08-04,359.73
583,106,12,7,2024-08-05,383.85
584,61,74,20,2024-08-06,69.02
585,315,32,5,2024-08-07,99.06
586,463,67,2,2024-08-08,27.97
587,225,98,12,2024-08-09,533.23
588,218,70,13,2024-08-10,833.66
589,135,94,10,2024-08-11,195.26
590,237,55,5,2024-08-12,699.16
591,438,36,9,2024-08-13,625.93
592,337,91,5,2024-08-14,244.25
593,288,33,19,2024-08-15,673.01
594,176,53,13,2024-08-16,589.04
595,223,27,7,2024-08-17,460.95
596,387,77,4,2024-08-18,611.29
597,61,48,19,2024-08-19,485.33
598,445,21,20,2024-08-20,49.71
599,408,11,2,2024-08-21,518.26
600,288,40,18,2024-08-22,383.8
601,360,30,12,2024-08-23,883.01
602,51,10,18,2024-08-24,623.33
603,367,80,15,2024-08-25,739.8
604,500,5,5,2024-08-26,373.27
605,191,48,18,2024-08-27,323.74
606,93,54,3,2024-08-28,672.66
607,289,90,10,2024-08-29,803.66
608,380,17,11,2024-08-30,685.36
609,163,72,17,2024-08-31,384.23
610,166,40,12,2024-09-01,268.76
611,475,26,7,2024-09-02,250.84
612,467,24,18,2024-09-03,471.11
613,244,34,2,2024-09-04,709.04
614,325,34,9,2024-09-05,418.86
615,331,89,5,2024-09-06,979.87
616,155,24,11,2024-09-07,401.45
617,397,97,8,2024-09-08,569.22
618,184,10,18,2024-09-09,402.48
619,211,66,6,2024-09-10,226.79
620,231,14,14,2024-09-11,254.05
621,442,96,8,2024-09-12,535.23
622,365,61,5,2024-09-13,186.96
623,99,21,3,2024-09-14,635.84
624,130,29,5,2024-09-15,916.92
625,10,48,5,2024-09-16,699.22
626,398,75,10,2024-09-17,231.24
627,352,62,18,2024-09-18,680.71
628,335,61,20,2024-09-19,723.86
629,64,61,20,2024-09-20,326.77
630,272,8,20,2024-09-21,24.4
631,234,82,5,2024-09-22,394.02
632,9,97,13,2024-09-23,294.66
633,480,70,1,2024-09-24,722.35
634,377,45,5,2024-09-25,970.17
635,372,52,13,2024-09-26,656.96
636,94,85,10,2024-09-27,842.69
637,440,72,17,2024-09-28,855.83
638,291,74,11,2024-09-29,67.16
639,183,11,7,2024-09-30,147.91
640,420,42,5,2024-10-01,785.33
641,301,29,13,2024-10-02,496.9
642,120,28,11,2024-10-03,205.18
643,179,86,17,2024-10-04,830.74
644,7,52,14,2024-10-05,53.86
645,55,48,17,2024-10-06,948.16
646,212,9,18,2024-10-07,897.18
647,129,51,10,2024-10-08,27.76
648,301,53,20,2024-10-09,452.3
649,394,5,16,2024-10-10,293.67
650,179,49,19,2024-10-11,232.31
651,367,88,15,2024-10-12,778.09
652,227,94,20,2024-10-13,678.55
653,482,65,2,2024-10-14,45.31
654,41,36,10,2024-10-15,759.77
655,121,40,12,2024-10-16,439.08
656,426,3,7,2024-10-17,893.83
657,340,98,11,2024-10-18,687.71
658,142,78,3,2024-10-19,675.26
659,330,33,15,2024-10-20,409.8
660,223,80,4,2024-10-21,554.27
661,55,43,7,2024-10-22,48.38
662,282,89,13,2024-10-23,233.4
663,217,71,11,2024-10-24,247.16
664,360,55,1,2024-10-25,325.77
665,103,20,5,2024-10-26,417.31
666,2,100,3,2024-10-27,669.64
667,496,45,1,2024-10-28,965.6
668,96,17,5,2024-10-29,423.21
669,476,70,2,2024-10-30,780.95
670,318,54,11,2024-10-31,852.93
671,87,85,13,2024-11-01,243.99
672,371,37,8,2024-11-02,280.22
673,160,27,12,2024-11-03,937.18
674,346,98,10,2024-11-04,588.78
675,264,40,13,2024-11-05,672.79
676,56,55,17,2024-11-06,60.55
677,44,19,9,2024-11-07,339.06
678,326,3,7,2024-11-08,568.32
679,192,53,14,2024-11-09,386.17
680,458,24,16,2024-11-10,21.31
681,219,68,12,2024-11-11,193.58
682,115,77,15,2024-11-12,658.64
683,493,72,9,2024-11-13,472.6
684,89,64,5,2024-11-14,812.63
685,308,24,9,2024-11-15,575.76
686,57,74,14,2024-11-16,564.36
687,443,50,1,2024-11-17,35.35
688,75,14,7,2024-11-18,974.79
689,392,16,7,2024-11-19,930.34
690,305,62,20,2024-11-20,801.67
691,236,78,11,2024-11-21,444.08
692,477,99,13,2024-11-22,38.73
693,311,16,9,2024-11-23,179.15
694,22,95,18,2024-11-24,730.16
695,488,98,19,2024-11-25,151.54
696,89,51,11,2024-11-26,976.54
697,199,76,15,2024-11-27,152.68
698,188,44,17,2024-11-28,842.69
699,146,2,9,2024-11-29,66.26
700,22,74,7,2024-11-30,228.6
701,210,81,1,2024-12-01,675.86
702,56,18,10,2024-12-02,912.46
703,141,30,19,2024-12-03,700.83
704,32,3,2,2024-12-04,342.84
705,346,2,2,2024-12-05,661.6
706,281,76,11,2024-12-06,35.71
707,316,77,14,2024-12-07,463.12
708,77,1,17,2024-12-08,461.29
709,213,51,8,2024-12-09,280.06
710,426,77,10,2024-12-10,92.03
711,304,21,17,2024-12-11,900.34
712,483,52,7,2024-12-12,826.39
713,246,94,17,2024-12-13,850.61
714,486,85,4,2024-12-14,906.28
715,350,32,20,2024-12-15,42.45
716,287,38,2,2024-12-16,581.5
717,61,60,6,2024-12-17,711.25
718,279,38,19,2024-12-18,426.96
719,247,100,12,2024-12-19,349.73
720,490,42,4,2024-12-20,372.2
721,398,50,16,2024-12-21,61.33
722,440,50,1,2024-12-22,994.8
723,118,29,11,2024-12-23,766.98
724,36,48,5,2024-12-24,840.68
725,394,67,10,2024-12-25,261.58
726,488,9,1,2024-12-26,793.89
727,177,42,2,2024-12-27,548.16
728,496,60,18,2024-12-28,393.74
729,99,80,4,2024-12-29,799.9
730,472,59,16,2024-12-30,601.09
731,286,9,15,2024-12-31,939.58
732,303,95,16,2025-01-01,286.13
733,436,82,9,2025-01-02,525.16
734,70,91,11,2025-01-03,531.26
735,311,96,5,2025-01-04,919.75
736,31,62,3,2025-01-05,650.63
737,393,35,10,2025-01-06,183.99
738,413,4,16,2025-01-07,641.07
739,390,91,2,2025-01-08,636.81
740,391,22,9,2025-01-09,109.65
741,195,69,13,2025-01-10,760.75
742,309,77,2,2025-01-11,702.01
743,401,35,6,2025-01-12,616.7
744,151,69,14,2025-01-13,319.19
745,315,85,17,2025-01-14,917.28
746,308,8,9,2025-01-15,583.95
747,430,15,12,2025-01-16,683.06
748,75,67,14,2025-01-17,240.06
749,351,45,11,2025-01-18,303.44
750,396,85,15,2025-01-19,824.92
751,465,34,8,2025-01-20,165.37
752,361,94,13,2025-01-21,369.77
753,83,57,16,2025-01-22,919.83
754,250,38,7,2025-01-23,492.03
755,150,31,2,2025-01-24,954.75
756,187,28,20,2025-01-25,994.15
757,434,12,19,2025-01-26,992.27
758,45,87,19,2025-01-27,920.24
759,422,28,4,2025-01-28,422.88
760,185,51,20,2025-01-29,285.89
761,1,88,1,2025-01-30,886.6
762,51,69,14,2025-01-31,402.92
763,435,46,3,2025-02-01,478.0
764,34,15,7,2025-02-02,739.0
765,8,49,11,2025-02-03,28.44
766,22,19,10,2025-02-04,649.45
767,348,87,11,2025-02-05,63.88
768,412,18,15,2025-02-06,147.7
769,273,75,2,2025-02-07,645.01
770,372,96,17,2025-02-08,486.42
771,200,63,4,2025-02-09,566.8
772,110,39,4,2025-02-10,549.0
773,117,42,18,2025-02-11,969.72
774,148,98,7,2025-02-12,24.44
775,280,19,12,2025-02-13,415.53
776,34,7,8,2025-02-14,58.62
777,138,55,20,2025-02-15,960.14
778,341,32,12,2025-02-16,97.64
779,389,40,14,2025-02-17,739.89
780,399,12,16,2025-02-18,179.72
781,177,17,13,2025-02-19,469.87
782,220,91,8,2025-02-20,314.58
783,483,31,11,2025-02-21,143.76
784,6,58,14,2025-02-22,669.04
785,298,31,17,2025-02-23,569.01
786,341,67,2,2025-02-24,226.58
787,352,14,10,2025-02-25,456.03
788,316,65,11,2025-02-26,992.83
789,425,17,6,2025-02-27,392.85
790,98,1,8,2025-02-28,434.26
791,446,71,12,2025-03-01,114.32
792,244,67,16,2025-03-02,609.54
793,37,23,20,2025-03-03,843.78
794,271,80,17,2025-03-04,509.08
795,393,48,16,2025-03-05,262.45
796,248,29,8,2025-03-06,279.94
797,295,14,8,2025-03-07,489.46
798,67,85,20,2025-03-08,572.44
799,138,38,4,2025-03-09,142.2
800,394,82,15,2025-03-10,304.01
801,368,44,13,2025-03-11,344.74
802,252,51,17,2025-03-12,23.68
803,474,51,4,2025-03-13,348.54
804,487,77,13,2025-03-14,470.13
805,170,26,5,2025-03-15,818.09
806,22,17,6,2025-03-16,932.97
807,174,26,17,2025-03-17,127.78
808,428,89,20,2025-03-18,839.83
809,442,9,5,2025-03-19,723.9
810,438,78,5,2025-03-20,15.57
811,264,62,10,2025-03-21,766.0
812,321,71,3,2025-03-22,557.93
813,239,84,17,2025-03-23,59.78
814,271,41,16,2025-03-24,351.04
815,29,62,4,2025-03-25,640.64
816,289,89,7,2025-03-26,888.08
817,181,79,14,2025-03-27,104.88
818,235,85,13,2025-03-28,915.38
819,295,50,14,2025-03-29,28.11
820,242,86,15,2025-03-30,658.36
821,293,75,19,2025-03-31,731.43
822,168,7,18,2025-04-01,562.68
823,154,86,6,2025-04-02,555.48
824,398,81,1,2025-04-03,720.54
825,423,3,18,2025-04-04,381.93
826,142,23,9,2025-04-05,680.02
827,348,53,9,2025-04-06,913.64
828,242,17,5,2025-04-07,543.08
829,217,32,6,2025-04-08,146.63
830,141,13,2,2025-04-09,714.33
831,421,33,20,2025-04-10,781.35
832,358,24,13,2025-04-11,785.94
833,306,51,2,2025-04-12,795.93
834,46,39,11,2025-04-13,106.22
835,457,9,12,2025-04-14,309.36
836,296,41,17,2025-04-15,764.1
837,327,47,19,2025-04-16,644.13
838,252,71,9,2025-04-17,541.36
839,479,80,6,2025-04-18,946.69
840,167,3,7,2025-04-19,588.02
841,361,29,2,2025-04-20,763.3
842,47,61,9,2025-04-21,685.4
843,496,99,18,2025-04-22,762.84
844,137,57,4,2025-04-23,101.74
845,282,28,18,2025-04-24,800.03
846,473,16,15,2025-04-25,52.91
847,6,89,8,2025-04-26,771.46
848,125,14,12,2025-04-27,242.33
849,224,81,15,2025-04-28,460.51
850,456,49,7,2025-04-29,322.68
851,393,12,12,2025-04-30,359.48
852,312,15,2,2025-05-01,834.56
853,201,6,6,2025-05-02,299.74
854,374,23,8,2025-05-03,618.7
855,403,48,6,2025-05-04,750.24
856,153,37,6,2025-05-05,392.5
857,56,59,15,2025-05-06,995.52
858,444,13,8,2025-05-07,537.61
859,348,32,18,2025-05-08,52.83
860,337,80,10,2025-05-09,567.39
861,106,14,12,2025-05-10,693.57
862,457,97,18,2025-05-11,934.32
863,364,54,1,2025-05-12,215.68
864,360,89,3,2025-05-13,383.77
865,97,30,19,2025-05-14,403.17
866,445,7,4,2025-05-15,737.9
867,421,27,7,2025-05-16,280.22
868,329,67,11,2025-05-17,18.72
869,484,86,9,2025-05-18,240.06
870,165,82,10,2025-05-19,912.67
871,1,35,9,2025-05-20,649.32
872,403,54,18,2025-05-21,582.62
873,246,47,20,2025-05-22,139.65
874,267,18,13,2025-05-23,511.28
875,403,60,10,2025-05-24,976.18
876,379,97,2,2025-05-25,837.42
877,154,36,9,2025-05-26,716.2
878,16,16,16,2025-05-27,578.64
879,146,71,3,2025-05-28,962.68
880,364,74,17,2025-05-29,792.98
881,306,27,15,2025-05-30,143.82
882,316,62,5,2025-05-31,670.79
883,50,61,9,2025-06-01,423.72
884,126,73,5,2025-06-02,482.61
885,147,13,8,2025-06-03,72.19
886,204,74,7,2025-06-04,589.21
887,74,75,15,2025-06-05,547.21
888,24,86,14,2025-06-06,927.07
889,95,87,20,2025-06-07,975.91
890,33,46,5,2025-06-08,934.58
891,494,58,1,2025-06-09,792.25
892,57,39,19,2025-06-10,924.73
893,205,30,4,2025-06-11,166.79
894,175,50,18,2025-06-12,263.94
895,262,51,7,2025-06-13,144.61
896,4,69,13,2025-06-14,427.83
897,315,89,20,2025-06-15,500.94
898,225,80,2,2025-06-16,639.49
899,325,49,12,2025-06-17,998.39
900,404,35,11,2025-06-18,753.68
901,311,53,15,2025-06-19,357.72
902,312,90,11,2025-06-20,883.86
903,317,16,3,2025-06-21,56.01
904,175,79,19,2025-06-22,464.74
905,143,98,1,2025-06-23,45.62
906,240,19,6,2025-06-24,45.25
907,430,95,16,2025-06-25,553.57
908,36,15,3,2025-06-26,840.89
909,86,2,19,2025-06-27,896.27
910,375,35,18,2025-06-28,716.48
911,303,44,12,2025-06-29,166.16
912,173,20,1,2025-06-30,651.69
913,160,77,10,2025-07-01,428.86
914,153,21,5,2025-07-02,433.2
915,208,39,3,2025-07-03,579.28
916,454,84,6,2025-07-04,894.33
917,9,34,12,2025-07-05,563.81
918,37,19,3,2025-07-06,145.35
919,39,6,1,2025-07-07,619.18
920,355,8,11,2025-07-08,798.54
921,378,93,12,2025-07-09,509.06
922,108,45,2,2025-07-10,539.89
923,187,98,8,2025-07-11,661.37
924,133,92,3,2025-07-12,774.47
925,323,49,4,2025-07-13,649.53
926,60,58,12,2025-07-14,764.11
927,483,9,10,2025-07-15,328.65
928,359,26,20,2025-07-16,660.86
929,211,34,7,2025-07-17,409.54
930,173,63,8,2025-07-18,382.88
931,342,70,16,2025-07-19,77.68
932,196,16,1,2025-07-20,739.68
933,445,17,1,2025-07-21,26.92
934,122,88,20,2025-07-22,146.68
935,39,96,1,2025-07-23,811.02
936,252,88,5,2025-07-24,618.24
937,104,88,20,2025-07-25,905.52
938,302,53,7,2025-07-26,355.35
939,111,36,5,2025-07-27,976.4
940,98,53,15,2025-07-28,61.46
941,370,74,20,2025-07-29,308.36
942,264,32,3,2025-07-30,888.48
943,250,45,13,2025-07-31,128.2
944,18,56,10,2025-08-01,253.62
945,424,53,18,2025-08-02,479.49
946,263,92,16,2025-08-03,234.37
947,476,79,8,2025-08-04,756.44
948,389,97,2,2025-08-05,277.91
949,285,44,6,2025-08-06,90.01
950,132,81,3,2025-08-07,501.58
951,277,28,8,2025-08-08,422.74
952,443,32,16,2025-08-09,22.01
953,18,8,16,2025-08-10,615.18
954,166,28,19,2025-08-11,942.55
955,308,25,15,2025-08-12,136.69
956,106,84,2,2025-08-13,189.42
957,203,24,9,2025-08-14,98.59
958,498,98,4,2025-08-15,283.84
959,171,31,3,2025-08-16,240.49
960,497,2,20,2025-08-17,127.38
961,198,88,13,2025-08-18,633.91
962,378,67,15,2025-08-19,444.65
963,13,3,10,2025-08-20,155.45
964,382,9,7,2025-08-21,27.43
965,1,89,5,2025-08-22,615.06
966,381,79,15,2025-08-23,206.72
967,67,24,8,2025-08-24,391.18
968,364,39,8,2025-08-25,953.87
969,428,97,10,2025-08-26,970.26
970,170,49,19,2025-08-27,96.75
971,40,72,7,2025-08-28,938.01
972,330,73,14,2025-08-29,992.47
973,480,83,11,2025-08-30,24.42
974,143,43,10,2025-08-31,723.88
975,76,83,3,2025-09-01,543.03
976,19,14,12,2025-09-02,432.92
977,488,63,3,2025-09-03,242.02
978,292,95,20,2025-09-04,218.93
979,137,19,16,2025-09-05,989.19
980,475,56,8,2025-09-06,644.35
981,377,10,11,2025-09-07,257.57
982,33,29,1,2025-09-08,322.35
983,162,8,16,2025-09-09,631.87
984,135,69,1,2025-09-10,612.2
985,277,6,9,2025-09-11,634.41
986,265,50,10,2025-09-12,62.73
987,5,62,1,2025-09-13,326.7
988,275,4,2,2025-09-14,74.58
989,492,31,14,2025-09-15,597.47
990,399,58,20,2025-09-16,514.18
991,19,89,11,2025-09-17,52.87
992,218,16,12,2025-09-18,926.8
993,351,61,12,2025-09-19,934.32
994,189,99,9,2025-09-20,724.74
995,293,9,17,2025-09-21,411.57
996,271,62,8,2025-09-22,268.09
997,380,9,4,2025-09-23,829.86
998,46,22,14,2025-09-24,603.12
999,2,85,8,2025-09-25,882.43
1000,253,4,8,2025-09-26,365.28
